domaine,type,action,concurrents_liés,note
be-klantenservices.be,annuaire,Inscription,adamserrurier.be;euroserrures.be;kiverrou.be;nicoserrurerie.be;serrurerielockey.be,Lie 5 concurrents
serruriers-belgique.be,annuaire serrurerie,Inscription,belock.be;nicoserrurerie.be;secutek.be;willems-serrurier.be,Lie 4 concurrents
opendi.be,annuaire,Inscription gratuite,euroserrures.be;mikaelserrurier.be;willems-serrurier.be,Lie 3 concurrents
serruriers-bruxelles.net,blog/annuaire serrurerie,Demande de fiche,adamserrurier.be;serrurerielockey.be;willems-serrurier.be,"Lie Lockey, Adam, Willems"
coodoeil.fr,annuaire,Inscription,euroserrures.be;kiverrou.be;serruriermrj.be,Lie 3 concurrents
quartierbricole.be,média maison,Article sponsorisé,ou-serrurier.be;trustup.be,Utilisé par ou-serrurier.be et TrustUp
immobrussels.be,média immobilier Bruxelles,Article sponsorisé,ou-serrurier.be;trustup.be,Utilisé par ou-serrurier.be et TrustUp
espace-cocon.com,blog maison,Article sponsorisé,mikaelserrurier.be;trustup.be,Utilisé par Mikael et TrustUp
avis-site.com,annuaire avis,Inscription,kiverrou.be;serruriermrj.be,Lie Kiverrou et MRJ
storeboard.com,annuaire,Inscription,kiverrou.be;serrurerielockey.be,Lie Kiverrou et Lockey
onderde.be,annuaire,Inscription,,Lie Lockey (69) et Kiverrou (32) — rank élevé
vivreabruxelles.be,média Bruxelles,Article sponsorisé,,Utilisé par ou-serrurier.be
elle.be,média,Article sponsorisé (cher),,Utilisé par ou-serrurier.be
marieclaire.be,média,Article sponsorisé (cher),,Utilisé par ou-serrurier.be
lepetitmoutard.be,média familles Bruxelles,Article sponsorisé,,Utilisé par ou-serrurier.be
renovermaison.be,blog rénovation,Article sponsorisé,,Utilisé par ou-serrurier.be
pagesdor.be,citation locale,Fiche entreprise,,Standard
